lr-Adam,step,train loss,epoch
0.0001,49,,
,49,7.610599517822266,0
0.0001,99,,
,99,7.124638557434082,0
0.0001,149,,
,149,7.07598876953125,0
0.0001,199,,
,199,7.15451192855835,0
0.0001,249,,
,249,6.95456600189209,0
0.0001,299,,
,299,6.687038898468018,0
0.0001,349,,
,349,6.626821041107178,0
0.0001,399,,
,399,6.7361321449279785,0
