lr-Adam,step,train loss,epoch
0.0001,49,,
,49,7.723071098327637,0
0.0001,99,,
,99,7.25743293762207,0
0.0001,149,,
,149,6.870499610900879,0
0.0001,199,,
,199,6.844698429107666,0
0.0001,249,,
,249,7.034358501434326,0
0.0001,299,,
,299,6.514896392822266,0
0.0001,349,,
,349,6.84697151184082,0
0.0001,399,,
,399,6.520391464233398,0
0.0001,449,,
,449,6.735431671142578,0
0.0001,499,,
,499,6.634069442749023,0
0.0001,549,,
,549,6.446128845214844,0
